<?xml version="1.0" encoding="UTF-8"?>
<project
  xmlns="http://maven.apache.org/POM/4.0.0"
  xmlns:xsi="http://www.w3.org/2001/XMLSchema-instance"
  xsi:schemaLocation="http://maven.apache.org/POM/4.0.0 http://maven.apache.org/maven-v4_0_0.xsd">
<modelVersion>4.0.0</modelVersion>

<groupId>com.google.ortools</groupId>
<artifactId>ortools-darwin</artifactId>
<version>8.0.8283</version>
<packaging>jar</packaging>

<name>${project.groupId}:${project.artifactId}</name>
<description>Google OR-Tools Java project.</description>
<url>https://github.com/google/or-tools</url>

<licenses>
  <license>
    <name>The Apache License, Version 2.0</name>
    <url>http://www.apache.org/licenses/LICENSE-2.0.txt</url>
  </license>
</licenses>

<developers>
  <developer>
    <name>Corentin "Mizux" Le Molgat</name>
    <email>corentinl@google.com</email>
    <organization>Google LLC</organization>
    <organizationUrl>http://www.google.com</organizationUrl>
  </developer>
  <developer>
    <name>Laurent Perron</name>
    <email>lperron@google.com</email>
    <organization>Google LLC</organization>
    <organizationUrl>http://www.google.com</organizationUrl>
  </developer>
</developers>

<scm>
  <connection>scm:git:git://github.com/google/or-tools.git</connection>
  <developerConnection>scm:git:ssh://github.com:google/or-tools.git</developerConnection>
  <url>http://github.com/google/or-tools/tree/master</url>
  <tag>HEAD</tag>
</scm>

<issueManagement>
  <system>GitHub Issues</system>
  <url>http://github.com/google/or-tools/issues</url>
</issueManagement>

<properties>
  <project.build.sourceEncoding>UTF-8</project.build.sourceEncoding>
  <maven.compiler.source>1.8</maven.compiler.source>
  <maven.compiler.target>1.8</maven.compiler.target>
</properties>

<build>
  <plugins>
    <plugin>
      <groupId>org.apache.maven.plugins</groupId>
      <artifactId>maven-source-plugin</artifactId>
      <version>3.2.0</version>
      <configuration>
        <excludes>
          <exclude>**/*.cxx</exclude>
        </excludes>
      </configuration>
      <executions>
        <execution>
          <id>attach-sources</id>
          <goals>
            <goal>jar-no-fork</goal>
          </goals>
        </execution>
      </executions>
    </plugin>
    <plugin>
      <groupId>org.apache.maven.plugins</groupId>
      <artifactId>maven-javadoc-plugin</artifactId>
      <version>3.2.0</version>
      <configuration>
        <detectJavaApiLink>false</detectJavaApiLink>
        <source>${maven.compiler.source}</source>
        <target>${maven.compiler.target}</target>
        <additionalJOption>-Xdoclint:none</additionalJOption>
      </configuration>
      <executions>
        <execution>
          <id>attach-javadocs</id>
          <goals>
            <goal>javadoc-no-fork</goal>
          </goals>
        </execution>
      </executions>
    </plugin>
  </plugins>
</build>
</project>
